mae,rmse,max_error
total,1.260512757450358,1.5814228641314936,2.611072540283203
elst,1.588895155368449,1.987834513020992,3.2782135009765625
exch,1.616805558574829,1.8920049925474258,3.006498098373413
ind,0.4981142025191243,0.6198307090828173,1.0197890996932983
disp,0.790308958137614,0.8744402626945756,1.3195679187774658
file,energy, energy_pred, elec, elec_pred, exch, exch_pred, ind, ind_pred, disp, disp_pred
supp_NMe-acetamide_Don--Aniline_3.3_90_90_60_90_180_HH1_shuffled.xyz,-2.5259956,-3.1112284660339355,-1.89850081,-2.6427366733551025,1.37468826,2.296647548675537,-0.34560571,-0.5828824043273926,-1.65657734,-2.1822569370269775
supp_NMe-acetamide_Don--Aniline_3.3_90_90_60_90_180_HH1.xyz,-2.5259956,-3.1112284660339355,-1.89850081,-2.6427369117736816,1.37468826,2.296647548675537,-0.34560571,-0.5828825235366821,-1.65657734,-2.1822566986083984
zero_boye,0.0,-2.611072540283203,0.0,-3.2782135009765625,0.0,3.006498098373413,0.0,-1.0197890996932983,0.0,-1.3195679187774658
